f1,f2,f3,f4,f5,f6,f7,f8,f9,f10,f11,f12,f13,f14,f15,f16,f17,f18,f19,f20,f21,f22,f23,f24,f25,f26,f27,f28,f29,f30,f31,f32,f33,f34,f35,f36,f37,f38,f39,f40,f41,f42,f43,f44,f45,ground_truth
-1683.0717337120805,12.047514080636319,20.645066529922836,-581909.9193510448,-132336.05945720585,-0.19781057489771675,-0.045225652171205576,1.3292727567083962,-0.13989461856843455,-0.1812033908770813,-0.5233950988430786,-0.0007026326108530095,0.013492523661440544,-0.09330376815036384,2.055973800553322,-0.6287390174581563,-4670.165564355279,0.007260845734994333,0.14068194855811636,0.005904009332913564,0.005779850060214409,-0.033205458705790676,0.00505727139972745,7.391981846977593e-07,4.822113193225241,0.09752081289040576,0.0005904847033107874,-0.009009566234700157,-9.55519038071312,9.43400508303182e-05,1.0071957870473485,0.9867438880024458,13698.628222927113,37.626270241377526,628.2789401787265,27.60885551001131,-349.54558738540806,-189.83335506960083,45065457.61679495,9.560522470338165,34.624971411456414,-53.10382818163961,30867.933370730392,6.108357766119655,174.43873481932465,Zero-Day
481904.9532575219,5.475400994105849,76.35957220658473,16416.43564785016,-124971.26670727681,-0.1986987524226139,0.03786007685325904,2.0360238229747734,0.3476560164477432,0.20537197803128884,0.559135645570803,-0.0007997135599339352,-0.0002977851412830375,0.03957386881022401,-1.5039319110512515,2.9177353212392747,126.07585957774545,-0.0915056867236455,0.17801396765483357,-0.0028565446234620723,0.008151160690697616,-0.0028804292760965904,-0.0002595396714893019,-0.0024141125610748168,1.7764074686918552,-0.8381876038400911,0.0009320148218362487,-0.020187654940005437,-0.3017649875770376,6.473580325025029e-05,1.0774307782005945,1.1192065270522007,-8655.682983417804,-86.64419126077121,-644.9463151953727,51.6725646117668,-588.6363104313696,-182.67920610876342,117396948.38293569,11.255060532934479,-11.040884463814345,82.72610307243193,13383.133831544288,-0.010447022094117533,195.37242447377605,Known Attack
99820.09999174424,4.333649035032474,72.8385564607272,44067.47065585926,-59032.68610086587,-0.6512983452618218,0.20908443026745177,0.09626258631414734,-0.06194723886836162,-0.32359961286299,0.03717392820060761,-0.0033933832051489376,0.00029149089329032316,0.19036482109698588,-0.07494771706035364,5.312900108158523,-1256.4036888637818,-0.04230824865662737,-0.07917709878303528,-0.0032678770097215593,0.002300362319634486,-0.0007494755057472803,-0.002531491664100053,0.001378747745615696,0.9450508550722121,1.0071594224334124,-0.0024819621068001264,-0.002038213615400019,0.06329830909142348,0.00012098351552409943,0.9689390258794136,0.9354210429162767,-2929.0026404269156,-9.197413879121394,228.75833115343826,117.84472392171224,194.2724392362493,-227.33242613154346,85951944.03505245,8.356079202802205,14.471614589442337,-8.420625419005088,34967.73325419514,-0.2195279780915324,155.06247555450267,Known Attack
-3143812.617488241,8.194090490823465,15.904021478590721,144315.73286945242,30236.719821534134,0.9113356387949604,-0.054329412159951664,0.582035680404233,-0.16050577544762518,0.019604204543501366,-0.1141870813924816,0.0008474406194808214,0.00025939748560161114,0.16491912744922585,-0.4756308939666639,1.7113718155363293,989.1023750834095,-0.0440052650918648,0.019384049632322275,0.00878745364768375,0.006378696486717702,0.0008010323342936156,0.0008312438836394826,-0.0030181466607838285,1.0821416450143428,-0.9024264764309604,0.0011421939138974426,-0.04224179618554947,-0.8852647481834554,-0.00033586232772264885,1.0210731465747773,1.1510446958275191,8012.831138652621,-226.3911272812798,1504.6923828107313,-228.17080992865,24.505191348225086,-511.71958414428985,113520688.92485575,12.750482780893403,3.0037335610064826,32.82113119007956,119802.35785616719,0.5684622297869851,137.1317715518824,Zero-Day
159894.31367131832,21.298101375891587,76.63340977955849,2252.9108308286322,249792.91891563247,-1.4470404232474112,-0.062129589699511815,0.4020089556740951,0.7960374646673273,0.27954553887137423,0.3997988221434725,-0.0013077850016212365,-0.0004663486608511374,-0.5931531775167157,1.238498460935424,2.737511273127775,1260.5270640788935,0.042788220053411326,0.13230474282781568,-0.018312130325500827,0.004746740451686054,-0.0032656683687396783,-0.00656136835433528,-0.0009937131298936167,0.3509235592450002,-0.3153755675042202,-0.0037842308263179593,0.010831844810639195,0.11264218654921854,-0.0006348892286215912,0.8919230713523584,1.0061898792283637,-402.7356873191304,100.66357066124101,-967.7098355029655,497.8695273584425,353.03402600108916,1056.461942457167,61948734.59792152,10.364430646371236,12.006083003874382,345.6816317900543,-15971.423949537722,0.4498908975398389,213.7222891312196,Zero-Day
533442.765026226,0.3671359737121518,80.48019727519197,33764.28825412001,-68467.28657071969,-0.6497803403207372,0.012864588958343501,0.1590978197620409,-0.053255147462711774,-0.39248504229768083,-0.03162560318532347,-0.0004497426052157701,-0.0002516155313015832,-0.2833590644058216,2.325430352070249,0.766065149834767,373.8673930860572,0.09539498968214596,0.12458229091134601,-0.017464383705735234,1.5758892955841913e-07,0.0010428965233980328,-5.6650782093611114e-05,-0.001212644466741162,0.7960353661301148,0.5118168695240773,0.0009657712772748185,0.052567343955403495,2.0537953564457845,6.968804259098197e-05,1.0198521294968046,0.9839612764531589,-736.8893633134493,-153.86598488927143,189.10056425855862,-214.27335929581892,11.466283253953687,-157.06466657310222,69463961.44582035,10.990894847508521,9.893335380125725,63.910972903329174,-128325.59471909255,-0.2960507811543709,23.57678709979619,Zero-Day
-402577.60011734127,7.283645790859401,108.52807420703719,28393.0162232767,20238.97740877443,22.5,-0.02593180773980925,0.2772678035467195,-0.17726036240384568,0.25038123126118716,-0.33706308139250574,-0.0021151818896298,-0.0002527392160273125,-0.5175689580392671,-1.0984425328026282,1.174939261006073,-1416.3987661539832,0.3834965619703746,1.893109201894294,0.002092550649156638,-0.000745556609534295,0.00020534781761039422,0.0018442626078993424,-0.003834467404570116,0.8220113123725147,0.29225958930707263,0.0013922986904293048,-0.009390771502412245,-4.738527829215065,0.003862375332092942,1.0142773454446508,0.9214469806194843,-34818.22061529019,2413.1940236291753,253.7348889569311,-383.9108187183157,33.69508944085188,725.7190743412648,81551190.76538125,9.575122240727874,7.480428959119056,110.93534952123403,-19173.962344359858,0.2284488610482887,89.7634798050416,Zero-Day
-1210473.5452722113,-0.1041524616221734,10.562571934996313,-485685.51949646114,-193541.94526244092,-10.713235831874727,0.060862618031341846,-1.0266462669387748,0.2792571561183162,-0.022846812233605882,0.052626906309627616,-0.0003743675782432323,0.0024038363928472715,0.041912644518692775,-1.4917513587665376,2.8698044546670918,28.13227607919368,0.0931472625469115,0.16192342138384305,-0.010593855205335906,0.0026107334105208873,-0.002581059318841958,-0.0007498383189967405,-0.0017514833656564553,0.10327079055348704,10.336546948057428,-6.372960120245963e-05,0.051450793198727356,0.5343114599872878,9.126090274829538e-05,0.8959350378837623,0.74953672331508,-4537.710127592455,209.5895767045347,138.14622058891038,68.48823868233401,95.05978662044114,3135.667483984989,91228497.5688994,7.023004264385014,13.501192881789626,169.8395796075665,8166.870567086164,-3.6708130953891227,347.2046526712104,Zero-Day
194240.9698940289,93.26017550623261,73.21410906607703,146648.93774646972,99454.25129493965,-2.3020539827206266,0.1393440290811124,3.294300632949064,-0.005935973692826543,-0.136747026739351,-2.3341983487637803,0.00011471363567196665,0.0005652471832150078,-4.341342248034507,-4.7837480935718,1.4462007094262657,433.2119290481363,0.05838064888629437,0.7089072686953766,0.010853550794090474,-0.0011035336321405993,8.531174732556482e-05,-0.002147096733976495,-0.02555476696794459,-0.7843618040347776,1.2742688739389407,0.0015305014778259792,0.05296175616393043,1.8970570842697323,6.794172671163196e-05,0.9903974960326987,0.9609880834340847,-1592.8946847041846,-1561.0211958238754,41.84885000295023,44.61313269048269,-108.83397512069074,3135.667483984989,-17067059.21676071,7.616724202803079,15.459676791747583,62.94073002476172,-301999.8193781489,-0.4775495504463759,138.92896748453455,Zero-Day
-495132.170334714,16.388708082918512,76.0568249093693,-71337.01221609669,133312.65058982954,-1.4381013663202475,-0.025273147771243294,-0.4541034509460362,0.11553857811360978,0.3678393146138337,0.5642446311263457,-0.0017540324569515187,0.0007943608440867263,-0.00338036714617837,0.6502885371075603,0.061899356408220765,913.8693187114053,-0.00034884945084162264,0.09250109674755505,0.006238861579727386,0.0017219489041572916,-0.00421449972293342,0.0041268121175940175,-7.155721047822955e-05,0.8337233575075838,-0.09281435123447729,0.002732588527843972,0.054359519536014034,-0.4301184889938934,1.5181190077629264e-05,1.0063336842963315,1.0348773041553105,-1334.912677843977,15.707838806892049,502.2111196063319,386.5374014873562,-235.17155357355963,-12.734490035690797,93902572.39925219,11.78607485646987,11.877887638193242,168.91361818312555,70937.09130607556,0.40905780093284294,152.50494235943168,Known Attack
-1411150.955047845,-1.451915600887408,43.63133061590563,-50919.60577769111,36119.99773146713,1.763646410221291,-0.04648380677857472,-0.4281866968477016,0.18700130724987224,0.5751886703830685,-0.7143061932585114,-0.0004996303795619007,0.001742991375531648,1.019247385059782,0.23154313196731097,1.5787606788369173,2153.180234646945,0.026714501896253833,0.2045195936150783,0.014170808221723365,0.00018370044013704185,0.0003163990300694634,0.0018744875156951376,-0.0022410393211210844,1.3150030837173308,-1.1221217185065653,-0.0025434423335607623,-0.03301708291994647,0.7506947830009996,-4.0783186334932665e-05,0.9825922649915997,1.073620159140785,-806.0204574754835,-68.77413239615404,118.58130550073237,-62.5846028910877,29.439871258184247,80.87321445109326,74514168.08429967,19.5113977618086,-14.19744993963372,-136.1780170265201,-103064.4486459643,0.6212096915351744,179.64950031149607,Known Attack
319172.6722085738,1.034675435931006,61.10018039482871,130965.72789813268,-18383.103544685127,0.8762121391769037,0.024996237717317543,1.0975422918219429,-0.1953355264517929,0.23095208198775247,-0.8245604022748199,-0.002631391912653937,0.0003300952357673623,0.39302361852875756,-1.2443990332576513,1.0948018579915924,441.54125288042155,-0.024579312391153754,0.049966912463356494,4.677777362943462e-05,0.0001513070004283938,0.003234093373195108,-0.0034840122024637744,0.0005122497398673562,0.7750062446434092,-0.18739580181052667,-0.002033147485348705,0.03997286511325893,0.06660577487039926,0.0007766090959168261,1.0345488370588647,1.0042581488852858,2546.576709929765,286.53489526541944,-588.2978171842373,12.293227459730545,162.02071012725324,445.07804262759254,106979052.94861653,10.401373691253653,-3.2751259558754566,-59.457873750366424,22845.685234524964,-0.29499738394264313,234.749801192986,Zero-Day
-808584.2312572272,15.792460262871602,48.71323839221029,46196.763879114864,7277.477407452009,1.9676309760569193,-0.016083370144274155,1.0684930648733855,-0.38927300701100165,-0.49421988581914034,0.3285351115070567,0.0034540235277249454,-0.0003098897085524744,0.059013332397163255,0.48501676820762724,-1.3852203306106794,-861.4033160619281,0.029467917833298662,-0.18321238782519714,-0.0042680372999066366,0.002062447438551261,0.0005867990997988246,0.0013979965444939264,-0.00024621364333105207,1.6667574985323876,1.0046351715027697,-0.0035044019193966438,-0.018536670536292477,0.844367803540066,0.0003051130019092709,0.9677608949870443,1.0378475121376225,549.463758188104,-148.6490970912583,284.85475096871005,83.10023321564782,80.64184417321772,286.55566884394733,21008078.182391677,10.616760242106922,16.575836757542817,79.55447677842503,9843.820657591144,0.363569702310568,187.0052718678869,Zero-Day
-7459264.913593987,-128.8517649244517,29.24055270812852,-219629.14838533214,51340.71122299857,-1.3935155297775912,0.008869811559915428,0.4401259271853075,0.25304377607311157,0.20237476389807435,-0.09756609541528724,0.0029791100480948468,-5.8894947882304896e-05,1.077397026534995,0.08929294968812992,2.5334387170181034,-13969.487678986483,0.3834965619703746,-0.0010771468560517201,-0.016323265424392528,0.000351916520468205,0.007237675523316982,-0.00035721491540715965,0.002800804361378901,1.0562428027861621,-6.454017875232511,0.0036053471810197236,0.09717462037688636,-0.9623658363664475,-0.0008693373707477146,1.0979502611542908,0.8301187936412922,-2391.58188782657,157.52856848312197,203.64090518110373,-923.4012892147744,21.96849180867587,631.5804421885246,109878405.2811138,4.874888678140248,11.138409672927118,-298.35078755098823,-61250.71768242348,0.419332658186029,-118.60587441780604,Zero-Day
1513439.881831246,28.34378465541008,55.94407352357242,25221.956255840076,91226.14210541283,0.6743743050435893,-0.05772038488475701,-1.0489136939612882,0.9252850320682751,-0.2662870105876103,-0.5233045594774469,0.0005024399692182309,0.0008838588074699167,0.207442366926881,1.764575733727106,8.452913526433434,-1358.3424217966626,-0.05996534535338418,0.1959036491272145,0.01996209774465926,-0.0007106006245038149,-0.0027232844947207326,-0.0013671706019371865,-0.001938497853470691,0.0986521286407217,0.4595618026830398,0.0014520506871861017,0.024996467021506305,0.2743027214334765,-0.0005968075102051438,1.0370617031302527,0.9986507741717917,-1509.5888891788995,469.92945899354174,360.03969688068696,-184.32452580009968,-235.41427901753684,46.46120002101006,77464496.21835828,5.820383903891972,8.452008318196345,57.64897999906605,68089.16926720078,-0.18897207776243963,136.01264565325664,Known Attack
-2064.338056207671,38.4500703425309,215.75869196805797,-30296.72821816519,-5599.56736514285,1.8727868425127001,0.17500189119203682,4.17121869466259,0.11453208440900352,0.22549759392949326,0.2072349044616615,-0.0018644431183098093,-0.0011654827085937117,-0.10198644817098565,-1.3643993577922258,1.8024641339012157,-1518.214530093946,0.033915457687784395,0.0019753553032575595,-0.0067344470247576,0.0017090503868695778,0.009618757594737765,-0.0014652714537001148,-0.002075901216266758,11.59002045748401,0.7575435693683061,-0.02247418932196015,-0.024053555790855444,0.2849660465826134,-0.00014360218291820933,0.996325894644344,0.8114946109875296,2005.3305717223461,-170.71530215939214,-27.9448089656007,3126.1241294661386,237.31335084717142,-15.553704891527659,71356318.86483152,14.900372785760254,15.13634436262491,70.25395860907588,58391.83020328769,-0.3442407268052042,130.07316618025206,Zero-Day
-1049516.591299095,27.80737249756591,70.31486284738827,54124.72562490748,-21807.064967285703,-2.1553933877279823,-0.02750887712792155,1.0701124373930069,-0.11034869855435898,0.1583820716546645,0.06124433918179971,-0.0009887181975550509,-0.0005013485747280299,0.2377642147120636,-1.3830019946212875,0.40634649916759025,607.0737599019254,-0.003138983108565716,-0.03212854196400089,-0.009572132075410727,-4.282321774778594e-05,0.0008935103436682338,0.002275937140383532,0.002527602130719781,-0.9257081673379328,0.3254279597157743,-0.0014227820331789319,0.003365008031943429,1.4945762559348492,-0.00026697909357712145,0.9464645953674,1.0661020102945615,1315.5991183908109,170.46052965964466,-538.1259660308976,-99.51859665135335,10.367327896750265,168.11208193444006,110612649.92939548,11.650386637179519,25.765816555075723,76.02810322298791,53946.39983886566,0.4289050398797404,117.22728933273488,Zero-Day
1227149.7246743229,20.24559006522083,61.76175845549943,8605.768741161559,-124004.28800324835,-0.7713612054928198,0.05453813146836089,-0.04634337100844094,-0.09540686455056971,0.2708250493831659,0.31134899660357485,-0.0013735734338552591,0.001413664622328082,-0.11793454617507751,-2.8459078015371557,4.325735077174856,-2423.3794627409347,0.03975374500519968,0.10939715557439159,-0.019316586550035618,0.00045772094355000397,-0.006774392367948784,-0.0024735091882858266,-0.00405058367731716,0.3652361132215083,0.7616868995969022,-0.0008048432831111987,0.02520566452744442,-0.33614619647439004,0.0013882066868385597,1.0420692068990949,0.980559427287999,5383.6253549373605,242.66288912520582,-811.9880551911858,383.38012107653594,-12.726348121936738,429.12012905229545,113166702.73876998,4.5053666755014286,0.3128011122900549,157.60698035672075,8493.420737998818,0.1043056777319795,145.50179935118825,Known Attack
-462623.4604839862,17.589167520699387,151.51031341060656,-38842.85508191796,-6122.264609419302,-4.805321961920661,0.1312970068945896,0.23648474274510536,-0.9518012356921787,0.3649919313207046,0.6483404290490077,0.0027265191066453308,-0.000472717865304462,-0.4315276032928695,-1.5015488775871852,-2.015704805101323,574.0477720100182,0.10893546541665036,0.5828127094685895,-0.022341009493121036,-0.0004904136385092151,0.002496707818289,-0.005695239876928551,-0.0018030268474652797,2.8995453210496605,2.1760593123194507,0.00043046520380427363,0.04106929873251539,-1.1636068091010237,0.0003188868181617441,0.9657063921794865,0.8926394674840443,-3176.0226118435785,144.93476946737192,1001.3234778982944,123.20274755441255,253.34365626116934,-337.61760394883714,124737729.00483026,8.401932106871598,-16.02221265771761,167.37042250132473,4920.277498781755,0.6459106796332337,30.172221371048394,Zero-Day
67453.42299872998,7.89893829132305,80.19971625663267,-855691.002278307,33251.744095280876,4.82473278984638,-0.04247197712357,1.6925816736571866,0.16005395836238456,0.25550989493196313,0.5243800108805314,0.0010199479297895776,0.0010610601396024342,0.5815063086223978,2.9255395923714897,-2.1084128101430686,208.8251403510411,0.007356928887766119,0.19770177686148005,-0.004459231295914833,-0.0017081424356635178,0.00129395017310804,0.00756896971415442,0.009727553511000103,0.1149358187561983,2.76801994557487,1.9968255886785793e-05,-0.5152460081412694,0.5346383421962029,0.00016030416929562814,1.5152459785380161,0.562481662971537,-12799.832059836503,496.0196273613137,610.5666040615337,101.41626645614365,-36.38523865633235,-73.00138560081207,97967709.90098554,9.96024252122654,9.567792983192565,-463.3864860640085,26159.808302052923,-5.875779571926353,175.09094398949497,Zero-Day
-416874.86061670247,16.697533049695938,48.4077884576307,103845.04989903877,5017.547999045037,2.6182974234694996,0.14840212956909926,0.6589101938937802,0.326333446614015,-0.09215637788434805,0.5334116404101994,-0.0031665619587590496,-0.000581905838740643,0.2019151786624664,0.43591520073551454,3.204364912552145,-263.87535603713036,0.00790149845736535,0.23511392419459853,-0.008951491076007723,0.0013372271037931519,-0.0008130451541754576,-0.001880662103551922,0.00337056810407657,1.1933285371288798,0.5199501690807622,0.00028326111032990996,0.0019022187713673305,0.06344989153265618,-0.00011902009665971998,1.0161231620453386,0.968878191067539,-981.3198991893084,-22.22079321758364,58.50498010766373,-160.50610501107553,-38.70991159967972,303.04749656023847,46339032.30032584,13.219498147472752,1.2698582880904574,141.77277022661355,2903.7793341799097,-0.19668765293906054,141.16199945511764,Known Attack
-529660.8583587927,18.72022515766757,68.5765904441573,-79064.47693886058,-80851.35779087308,-0.8720308514593845,-0.10639408883228782,0.8637183898711527,0.09211288524735285,0.37372068181020235,0.20653111706885657,0.0008978504542681103,-0.00029312784141463676,-0.03992645648750361,-0.024685637124356508,-2.4223776987916783,832.3382372192209,0.026884335800357637,0.02260079320473321,-0.011884642307263037,0.002713409666725581,0.003193788884558144,0.0030339991585852655,-0.0020631189656554814,0.791490963181005,0.30693280991991584,0.0024728035835115316,-0.023184858609443255,0.6495511409485467,-6.105638491925644e-05,1.0084120531617957,1.0092103265915486,-5944.044056469398,-155.48443814611483,-582.9246888740088,439.73765880879034,-20.99173112853717,78.16065031297416,45783352.04784402,9.923824676951579,20.84482643976361,-324.76218798073154,-139697.5053751716,-0.12170150497602722,166.51233012983568,Zero-Day
-437438.8003891593,15.432235301987335,67.9404824202419,-31576.114991778188,-32508.457259498486,-1.102393012079077,-0.07258753853265394,0.263402712616354,0.0011918512403468681,-0.17882359986753904,0.2105480964541609,0.0011600148553115783,-0.0007542698895881489,0.340657565847168,0.8126195971018475,-0.2660030028493485,1422.5936833406568,-0.03722444771099253,0.12278245006690618,-0.007546495385089264,0.00017353987607170065,0.0015357549713428309,-0.000734376146573003,-0.005784284990138303,2.1211488661836206,-1.154370908735117,3.887021987447769e-05,0.05807497676507915,0.43350417024324295,-0.00031536778692417967,0.9569198667134955,1.0398926260440162,2920.074513433179,174.60984198429446,56.45670467530037,40.86080976859292,38.68434611536909,5.835884522551197,101970945.10912362,9.555516726224853,11.732153139693063,26.55935209416814,-9642.958477981094,-0.501385820606591,181.53927190168764,Zero-Day
-843852.6459960667,19.849281074527493,62.565084481252306,31335.316076145777,56373.6317955365,-0.6874197544992746,0.1176411313077914,-0.09466364686877152,-0.15182611592619294,0.10707385937123715,0.08154531402786316,-0.0019893350431533603,0.00030279546804764813,-0.05137029308150761,-0.612898647822882,3.5349074629115407,-549.6919829791489,-0.024510805232126374,-0.005677927277143141,-0.006930767975875316,-0.0015830371306559073,-0.0021838856912894653,0.0012355739203000766,0.00027766734192879593,0.2794590019721509,0.8763316430407915,-0.0013164437657708903,0.00433944513092372,0.462166305596188,-7.024264753961303e-05,0.957444764893358,1.0683509078330178,428.1833719815124,100.9531223436028,366.2742826718287,-353.1543425481087,134.4136032402633,317.83729504097613,144247976.36473823,10.700648995149317,15.94187176245629,-149.75900889113612,-77135.6575680956,0.12022788808825326,196.97006827630253,Known Attack
600513.209634279,5.09872704304304,47.7980002238361,-63044.898777779556,-49800.52147711967,-1.1807815500062835,0.018089742979179854,0.08239042086875425,0.2263772366996822,0.12146080846076841,0.4312251036618385,0.001786861864857295,0.00012320977721112634,0.6301879606608836,-0.8244071498067107,0.8103401852900307,-182.5965954437553,-0.028070859991907032,-0.21948396895268524,-0.006702778068544812,0.00043860386922692294,0.0001879726564441845,6.908146762086762e-05,-0.0010601117103828316,1.0070068293217425,1.2786428475862848,-0.0011812128076343182,-0.01967159467538217,-0.43250709635545836,-0.00018802121162955272,0.9666268657937687,0.9766790834866492,1332.3532464813552,288.2425465486501,-53.62496551348774,153.56169505481216,-53.34059208340156,-51.8533279357296,134121234.82823375,10.64012801883452,6.697413707382924,48.25811733392641,-5070.43438168415,0.031508536974349674,98.63774920849973,Zero-Day
-2592535.499880026,19.251825645282008,31.960065680794614,27782.79515858822,158517.24619670233,-0.137072889480588,-0.06378928705337793,-0.12462000698486417,0.27246742483551684,-0.4335715041454366,-0.059649533129053856,0.004009576855397224,0.0006863386567102754,-0.23906291709325891,2.4212953995269655,1.703081375644576,2298.646484937438,-0.01949120507041333,0.12767389859373723,0.02036336062633456,0.002404136043850471,0.0034225421916690567,0.004898630666187596,-0.0013279808437566937,1.687771367619229,-0.5260553455119774,0.0025875842498937042,-0.013000485005230752,-1.453328709728452,8.78740749258461e-05,1.0263586639735065,1.032492828618723,243.66631095299363,79.83092556929137,652.9996914045978,307.9870988945289,-119.95346158264877,191.2087344897273,59078122.896680936,10.636194310566715,33.56748431454469,-111.7596657242859,-62677.76033237393,-0.7673393706696414,110.03988621684645,Zero-Day
1274775.7602584143,-10.077243771672801,42.23773759286054,-232868.17866314633,-17257.65179871783,1.6197900764405877,0.0006111798586990571,0.7292054740483394,0.6960935868711692,0.07842687469793896,-0.6882463159675992,0.0007643470503003871,-0.002006360195804158,0.01640914886236533,1.0041886005993725,1.0242783349779012,2994.3547143089013,0.029892173069333294,-0.013834219806411002,-0.001311948337332931,-0.0008749896597018538,0.0030788091283014923,0.007128722686347544,-0.003925444173706073,-0.3082682956857906,0.018432907814863453,0.00037415971996504146,0.15881855037597653,0.06490881249994135,0.00043639133739854124,0.9254879368350504,0.9133607842471296,4028.7901491141783,388.4074534560966,374.7631528319953,252.70159231848766,97.29492178117962,601.997177302115,64910133.01251855,8.129595371555341,11.472898220326202,-75.9429575558884,72726.72954970998,1.1710611901957604,148.35793174086987,Zero-Day
-1285731.770710457,16.783032127801597,55.71615281562489,25307.787309620842,37082.81061377769,1.1314565958649536,-0.05918868563117605,0.6440045923038953,0.2493676432105607,-0.14961115582065054,-0.31585621140909337,-1.4205950850755327e-06,0.0006421580369413962,0.059151160607215966,1.9782518445355857,2.578918491056214,252.1955284208605,-0.03192832342909137,0.14179849758849356,-0.015213824595524623,0.001364077636749097,0.0014358473653913431,0.0022461398707981656,-0.0002571539206424366,0.7713740519419091,0.5214717827056439,-3.767417744927231e-05,-0.019383713279364646,0.009440480840978066,-0.00030566996192066,1.053599133021215,0.9927915511340942,-1873.4760084129962,164.62568861037198,46.07598843353739,-6.893143515890692,-62.39199085272519,-208.64085283786488,86350561.2914004,8.746035269188727,13.175371857854625,61.37874377076111,-3171.676958216726,0.45297253050192887,119.95585925658575,Zero-Day
-541253.1459164949,22.20512976268668,39.0830724809072,60016.51034069497,7568.635977828792,-1.308302906692289,-0.0036525288450392143,-1.003619919143531,0.3292027098185796,0.07158777405423906,-0.27276986946181425,0.00015150313185514946,-0.00044269679049502287,-0.5211038123275964,-3.3143367976923055,-1.2496512157007635,-108.23801108811881,0.04723791536621544,0.07589096513354626,0.010601500922414527,6.651062324560203e-05,5.5129257944042326e-05,-0.001673201650947043,0.0025339225489171063,-0.6291961995497805,0.21015820707567845,0.0008203341896490732,-0.03809258078014446,0.9623018994974095,0.00018494543865501932,1.0559608727058833,1.0628528009547649,2094.918688142263,-211.47238188229858,48.52158622164835,69.04840370712049,-8.950364499357477,-170.22984071773524,33189377.223211627,9.461224773938868,13.2163273856711,124.07959324207191,-56204.87071007719,-0.44372131165484835,142.20027116361666,Zero-Day
377811.63247046794,27.404865488642645,27.47197698922502,116317.14017818327,-18325.845759157804,-0.5588013191312583,0.010425083322245132,0.5651455301095479,-0.3112411546200598,-0.35079008564194664,0.08731700619237445,4.4667125486143176e-05,-0.0023958652934956987,-0.12194460538454571,0.8924637089877249,3.7290670217759176,-3232.0887261848834,-0.0029810370196165356,0.0012465096853792688,0.00037217611928753406,-0.0009165311475382736,-0.0027483611106304037,8.846470432175353e-05,0.007664697517046981,0.7641832548745382,0.03887112718390043,0.0019927864908400052,0.08167209067671002,0.006360682055676768,-9.361154549007642e-06,0.9242095109333236,1.1185758820456484,1547.6177793211482,443.81794050842115,-673.5924002936518,-160.40934820293867,-131.77477813874725,-519.9470721892915,-14679964.159192808,9.073947793195096,35.536534086675815,207.57627392405897,25811.533483879368,-0.7890261722582159,228.76384657317678,Known Attack
-346182.0036251226,12.538933099562826,209.99114248698908,635493.8368002976,883864.2879448291,-0.5329174154436834,0.5728723926672549,0.4521578407378185,0.1556633474364293,0.05628483768209186,0.32807829386160214,-0.0006021402277501963,0.010614459416587708,0.1494378348635585,1.3122042806062324,-0.05570942504080781,2176.674236428136,-0.3827308662686607,0.11041384702684315,-0.013584627903001533,-0.0005710834390216871,0.0332601344225893,-0.001744538793820092,0.0006994730102026566,0.5022936308207888,1.6366226683474718,0.0017070917726995439,0.06839536981259331,-0.8649468789215752,0.001068833688584674,1.2228418518922517,0.9916437288685771,1093.7452716305356,-466.9961351456501,1332.4801995071878,2584.7095928445033,-23.393254516557317,149.40901561516054,428504916.0712652,8.71126314857075,33.21883431073186,166.4624312108393,71617.78722527683,-0.3533001060602936,758.8655953206271,Zero-Day
-382616.1586306257,-1.1445748830449025,94.14357837539188,-12589.965472804774,-121385.6011750418,3.337628010080499,-0.05590248035461156,0.8536374253916639,-0.5850467680304091,0.2416826135604157,-0.6763373666156887,-0.0006304787841334378,1.0894134736855446e-05,0.1567478325313361,3.5678117920547505,2.6186197145143693,-1216.54414687769,0.019817327305814536,0.19706340209966414,0.028716661788497213,-0.0056710126448482594,-0.0023401427032381937,-0.0004504036438934675,0.004418908693123118,-1.0477363268039972,-2.4419155289085763,0.0044828899527620805,-0.021785273831357626,-2.352182913197825,-0.0006661768505459255,1.0355125117554138,0.9470690002698489,3612.7542820030003,-138.1427683107717,211.5741525512301,247.78304536905642,88.5187382145506,-45.347028592220894,195599263.8119598,12.605652035763242,15.806349816757074,-295.33571940272134,-40800.53623242038,0.6718990903372598,91.34103449610889,Zero-Day
933652.2701101203,-10.699008076857826,75.45185566424799,41572.02708543891,-16972.868163289986,-3.136700578494108,-0.03125998915432034,-0.1003389361952377,0.6754713911038805,0.15003844585550097,-0.7304249396315647,0.004803389847927672,-4.373323843668219e-05,-0.03552806464573169,1.255155193096242,2.157992806020347,-1365.3400578882568,-0.041325891023006364,-0.0449914673889564,0.01772244768641391,-8.039165445323588e-05,-0.0031172498181736143,-0.0006381074395530395,0.0044559620068002626,0.4841775094912973,0.7139650891023251,0.0036394948067365344,0.018660018294056384,0.5894709952636121,-0.00011526780794280419,1.0260863973682934,1.016081114546602,-2238.6867732528626,-60.81302703174643,-567.1899738353355,547.6673449554612,-29.417096294279318,458.1052438478579,43297973.96649006,10.476512741575002,19.079598229737126,-162.42698219083184,-97299.77837508489,0.6126824392436001,164.03183201922866,Zero-Day
2669018.4558664453,3.068621085870748,62.52726849842452,15297.259967495913,7483.627635590414,-2.5573007282631197,-0.027907942786056857,-2.2316613745453697,-0.5423362913238351,-0.36200569202517907,0.9748510409586937,0.0006807484295953025,-0.0004593811866232453,0.9644322150708946,0.3392409635729998,-6.6535249809773145,-8.256049218774479,-0.02421496386368632,-0.05116677942460334,-0.005121249366775837,0.005590231900182112,-0.004350825565164952,-0.0025486378988987873,-0.0015014207070488048,-0.5275285739015746,-0.9149090780421563,0.0003449991504185804,0.06796630722510777,-0.8009031779741466,0.0002099028725685397,1.1130595256975713,1.0224527487036055,-2327.8556963656883,-195.25111601062514,-1.2702338430697324,192.57203584224985,-207.3402534983556,144.5347687092505,78158077.48734947,11.062758544698982,3.554910088426653,-78.50832259675443,139116.2036880505,1.419511277062719,100.72067906262751,Known Attack
117118.75012282416,-47.80613495446612,-60.9036925281289,-73470.78158073146,-178870.03370497588,-0.8822190579652411,0.003470557878236193,0.22784484303591712,-0.364538522910848,0.12977461207527033,-5.899306250212591,5.617621680150402e-05,0.0008314752653538715,-0.43982215527107016,-0.1302306243000923,20.359008517182986,40.89866099315229,0.0012443818884422299,-0.09100296867756888,-0.004555388236930182,0.012143001038487488,0.0018482028797505124,0.0020594158449467478,0.010746129177265437,1.5456499427358859,10.336546948057428,0.0008832786932014467,0.017157005964013677,0.165380903453191,7.061800644171142e-05,0.9220870696982775,1.054662830126384,317.3317978020634,550.9617107211859,-16.593361409958717,162.9248399369509,-65.06910627750315,-2217.6205635073156,108739895.21762176,7.392811186733692,2.675737636008561,-1733.862984584256,237093.10948176836,-1.0310177216038994,206.21030584976504,Zero-Day
-784031.8830065646,0.17259883253627617,47.46832282831987,26291.377257364926,91391.40411148967,-3.491505730269516,0.10394981918995333,1.60358138394309,0.37402637026535673,2.5142644130990455,-0.02390930660536625,-0.001590216000861453,-0.0013307599051146652,0.679779774384736,2.3001031892342465,-0.3658011772411732,198.2075844270349,0.048945116565740375,-0.1618177854614656,0.0019153305859179919,0.011981958528613557,-0.00013096661241287984,0.001353950030760337,-0.005214658264001246,-4.973178193865105,-5.579398587619957,0.00022807043370538617,-0.01672494342741895,3.5148321952117563,0.00038693932377823403,0.9833846254919215,0.972839861025401,2300.273757860007,134.78314171506182,1076.5155026068505,215.4916756176367,11.75864811067563,112.0300780021648,64185614.56925318,10.90090652978485,6.8708904732262495,-68.36346736406264,92532.94884716814,4.270890152284085,139.72210445158643,Zero-Day
-844991.3789733482,14.651424174739601,54.42921880442091,-46437.24728969329,-5773.27574188445,3.798807928764836,0.012045616497381943,-0.052976572351996126,-0.04391508508373987,-0.10533303571726692,-0.06430251559871947,0.0007940867629603536,-4.2051780628905614e-05,0.09331398717828021,0.7530793526455961,4.6926517079987065,668.0551929065625,-0.026933595176349148,0.021833474904267455,0.026564875246538958,-0.003933751061213827,0.0014420289894076911,0.002600859818840023,0.002713998992357878,0.3099371910037785,-0.9496236902171049,0.0010890620412542901,-0.026577695176657038,0.8522567473595569,-0.0006707529060994776,1.032934039770704,0.9996824864469454,-2046.192640919942,310.9254173514875,-88.47740304050262,84.45452637876475,64.71494555898624,-88.45674478468673,109030942.38252917,11.166496746422716,15.554058320423607,63.97231810205627,6552.453823344454,-0.1867637357180394,142.99267510144702,Known Attack
736902.5397009444,4.478263093830574,86.64400436798967,66963.16268226506,-49220.46441625476,-0.08134813441498845,-0.05064720460719742,-0.4998826892941367,-0.40299502565419804,-0.15376064157275826,-0.07524192691147635,0.0031287783451316572,0.002126777988362769,0.0837111294705783,0.32304164148800246,0.7092016467075251,791.643064846106,-0.021366514055254898,0.29243892589445647,-0.015069833364548209,-0.004128647135346457,-0.0012410795063475184,0.0026039703884414758,0.0026632865799062337,-1.0624495762639365,0.8432410311302379,-0.0017746451589173524,0.017915895068138447,-0.36727012635206496,-0.0001244314017860564,0.9525736933268886,0.9049163708033611,-1959.0809517339837,-67.24057184370321,-97.17297764997072,-113.83454850994409,3.9227761111218227,268.1896798019086,78950576.46504882,7.390709555622415,12.992931309648236,99.80520371473654,49289.174486899115,1.072055287039185,125.33796627043435,Zero-Day
-637907.9233294327,18.602244474212856,62.04877934780038,67952.34072378672,59062.7046312335,0.35682395107830095,-0.011165793739830955,0.018496289500335217,0.2553192312166515,0.08807759725296925,0.0028644121490661173,-0.00011447440791046348,0.0030589389348856413,0.007314092063458195,0.9233283418900687,6.181782347678082,-914.7903836225871,0.008993815650085668,-0.25619240938852594,-0.007372934645675146,0.001509916368559855,0.0007365187466221906,-0.0004550133445163742,0.002489855871791018,0.3374737236360471,-0.5125067790583808,-0.0012241532945331695,-0.017843218269072474,0.328380869360284,-0.00046713401953287436,0.9475087734951093,0.9078411273263339,5834.623166450267,275.68416316154253,174.27530549992002,-335.8326164431414,-232.01548992782378,-384.77685908843625,24144833.00062689,13.085506722882954,21.010842900834312,129.0703142302261,9956.112524740263,0.3529523178288887,121.08410563985916,Known Attack
-563922.3555739876,16.60441960113301,69.25293360923719,-50458.613437928936,-92839.06312142196,1.2467205484986617,0.03150748076904267,0.7381074487126127,-0.12537202670335007,-0.17821056870010574,0.6424625439256557,-0.004235572236152547,0.0022473024539611942,-0.081046003459951,0.9210480257366699,2.3423150949747247,239.9163411182339,0.07903988197956865,-0.18188455248125002,0.010529602280890569,5.534271390646862e-05,0.00465608656103561,0.0012847129765431514,-0.005340126251142602,-0.015118860142019519,1.093094886394433,-0.0018335085867302481,0.007476084022455535,-0.42568860480848664,-0.00018023086927647166,0.9821300644839535,1.041594673952717,6584.811090714847,-171.92814189367505,-618.1870840339749,-411.20738792152036,219.62081521093398,-560.8955322270875,137192213.90816113,10.0055773037224,23.404186679587934,-50.06067027700968,-129064.46543896837,-0.5971664844667645,115.27714384762676,Known Attack
684961.8593331918,20.362289706192936,73.70635797247087,-67192.70215072758,-84502.42082718472,-0.9900445481226724,-0.02043459446293783,0.06466694349921345,-0.0009939562166897606,-0.0015963572333083584,-0.07789105919793723,0.0029931769691129285,-0.0016266573431620095,0.3305915773644736,-1.2393064448806128,-1.8013066797768462,1.9852163672006498,0.0287179215915461,0.07620557677883981,0.01553456444275875,0.00030990902333372225,0.0009262204791889324,-0.0005561446051281611,0.0006239055974576719,0.018255241487094506,-0.42174597500993094,0.0006436256389524445,0.08210342140063925,-0.5981236667263179,4.654612398284535e-05,0.9510646991061724,1.0097085299771629,1155.1709564453317,-127.37750285804992,241.41569230988955,-41.39739587205223,-1.7078945056385457,-697.5715899748955,96627486.98219086,9.710663191966434,7.945494085734898,110.37903915477784,-51638.0570001504,-0.4376477257842894,61.006038891477765,Zero-Day
79181.20015288051,22.21281638743706,68.99513535905194,12428.10015206481,5517.12785987954,-7.130206765398832,-0.12115915480286346,0.519485369950293,-0.02740458346572207,-0.08657275631324325,-0.3353066087649994,-0.0007161746741753584,0.001532468315051908,-0.4843552040058917,1.5497553341381805,-2.0133722604478663,-2352.84587184013,-0.04898193539928742,-0.2403994988845719,-0.006078346937422267,-0.001641712766359523,-0.0017739301550471084,0.004580100852977219,0.0017477372062712924,2.0699175220903827,0.9870592798514719,0.0022781767366169244,0.043063267861762705,-1.4383053677990656,0.00019779764206749465,0.9391547861464892,0.9346585922365549,-9529.50015178343,600.3356408559551,528.8360841257386,297.8032632858072,-115.23647472542635,40.437744527723225,36593984.330865696,5.153658049359686,-1.0690509676963327,-176.8617273722045,138610.03029972248,0.08492191382192196,98.28981209459731,Zero-Day
538453.4718348626,-0.05403580252769424,58.44104256378134,67986.0482806363,-82506.88632115512,0.7310325522363867,0.16016924433322638,-0.517460070474837,-0.22668659026204677,0.1952593704770998,0.1113881557938686,0.0013683001713815821,-0.0014535780523064644,0.3587955989006556,4.040805275636546,-3.4378386871344606,-37.71742393433191,-0.023643816536290916,-0.03945983442482996,-1.43721133172201e-05,0.0009627158937687065,0.0013170353618533715,-0.0014054566585430814,-0.002162856800029775,-0.3974450335103739,1.5044071343437266,-0.0010922816439698276,0.023115292987211527,0.25301295555787884,0.00010959049214616216,1.064939205526671,0.9715583051211363,1236.5538038241025,5.6552145559103195,414.49801526109735,195.9230706172815,11.732682412181775,582.7996007198426,88313017.91845584,9.731194660955827,13.612934318679383,-147.20609841206786,22780.49457165826,-0.3110864877690217,52.88969070703499,Zero-Day
-4278165.7215951495,19.56670219123513,119.02916895516789,683840.0299925944,618731.7784942315,-1.9680738071362396,0.06679694645322792,1.0911586879952822,0.10612268323083615,0.1160579561562011,0.02443846136210151,-0.003182109891411702,-0.0022862923067644633,-0.24858504921501592,7.198347572022084,-3.269691197274517,956.5516636024677,0.004535763648645625,-0.5683072571808567,0.01896477095871742,-0.02479433963530048,0.0009161514848725077,-0.013921863539912246,-0.00011086424217210045,0.38522870801635545,0.4270164677450824,-0.02247418932196015,-0.022235931404013594,-0.21555447159975688,-0.0026760473841920254,0.9928653176631009,0.9278010938735713,19455.207798810065,-0.2742655092814843,-345.2036407028248,493.4481121330447,-66.65024132786009,-191.38229871753998,-9475467.645212784,9.808595803031592,2.227898348419325,132.2168653337549,-52375.00947718792,6.108357766119655,223.89663094419814,Zero-Day
367417.7433689395,1.6405142300488926,79.98819865263843,-74697.17837163764,-60218.01613130826,-1.406909221578274,0.01296375805426031,0.32999410798203643,-0.03777689066698392,0.1291478691581132,-0.11555584475221073,0.0013419254023244514,-0.00033424948328162626,-0.14248466647242214,0.56069277738062,0.6643020036593141,1750.1140187687822,-0.005369647668974437,0.04118671781402511,-0.004158472084769886,0.0019325738100101192,-0.0002806734915293584,-0.0006227868928717364,-0.0014579103855722835,1.152035769097849,-0.5265756189588711,0.001329514004968987,-0.02864354389609342,0.38407215541243944,-0.00010303460416393579,1.0144139094959228,1.0511420264154938,2543.2029474623737,287.63680238937513,211.99571333978332,83.15781180319512,26.556893505266817,-21.421996246305298,101515437.46352285,9.039503033258592,20.497793399099468,202.97336677861318,1724.2618641539848,-0.41314696092569425,114.71152318797051,Zero-Day
-335119.4271967659,3.807737716133455,132.6199583450943,-139834.26380015616,-144142.23071206865,1.9789409149565138,0.07797288864948267,-0.5763185743072691,0.06318287810257613,-0.0679349988041952,-1.6662101024306217,0.00016973962415886944,0.000927657843075208,-0.12209630653260187,-0.11664488117139249,3.2941327181616735,-943.6885551188282,-0.16569402135574376,0.3242940630752904,-0.005994467042402392,0.0054110355898200685,-0.01245130866681784,-3.182659687044535e-05,0.00907956576267451,1.2224212956749287,2.9346524522982125,0.0016876052135116153,0.04280611002892975,-0.22280740678194505,-0.0007180298004988981,0.9953600791642697,1.033246572619496,-1410.1212055882522,2.277289235836392,-412.4344752840483,6.831782972611734,-97.79606179099811,-525.218166016877,94743403.09111643,7.707569996688463,-3.0799564281048024,-266.10517869952764,-23194.284756423283,-0.856662308277272,14.682265186567975,Zero-Day
191477.8111889525,3.0304193653759306,78.33887317435062,69906.75075329891,79038.80374410869,1.9850411975959839,0.01815906628069716,-0.0469846910114588,0.0210578427093196,-0.045884319991453565,0.608008322442911,0.0004810408395377571,-0.0007398372449716596,-0.25427412975849445,1.0404726167102543,4.184822022448555,519.414707478686,0.015747671776182567,0.09337342369169682,-0.004113127898921291,-0.0010832199714543003,-5.310132995685098e-05,-0.0014023367654506414,0.0014949315783812371,0.013797372937011332,-0.45105344497871896,0.00040137534089294347,-0.05157708275474427,0.7606883851404519,-0.00017924457155700933,0.9993499976872835,0.9822102046981749,298.69765409239835,107.39761663844017,-31.508577286792217,2.532119247989371,-49.14832453757347,-124.97368310986734,62401719.161920816,8.973503813935544,11.376914786192012,49.182285333616264,-28505.686682174175,0.8165193529041216,112.3176067636405,Known Attack
-750852.2242728255,-6.778323516547501,47.39903983143622,48453.938479343284,-30873.669673610326,2.0156660288538393,0.0172420546394762,0.6662707938349907,0.7600565776131061,-0.37740713117269276,-0.24268311601854023,0.004091339154913209,0.0014499235815901678,-0.16269714215983153,-0.3965397520642897,-3.6358450499200643,1437.4792053523397,-0.037854691056725606,0.04907110020802994,0.0318783982399452,0.006067598015880369,-0.001138269245329617,0.0030547135502550786,0.003667789561333797,2.7855638437844816,-0.15712586078623997,0.0008764391998530134,0.09382430734625401,-0.9576644414125991,-6.491746737624515e-07,0.996327016573989,0.9848436476626401,-731.6824673371273,0.8291522116157708,314.49141548230244,92.01989319039056,47.09379738957193,30.599307170692335,147160281.8713205,20.660910524972394,0.3513294017454811,175.7387622885335,-25620.45176950285,1.2488567927314917,209.20975902522866,Zero-Day
-26565.337794739222,18.144592250201434,38.41597517834892,48420.02505147442,-25766.74011368007,2.01974483047837,0.06708443785237388,0.36045606125048035,1.0766721147986407,0.0038754085309912686,0.4336699406849538,0.0008751642566375775,-0.00010101724931051186,0.051109935770198844,1.8808622348960182,-2.580643101533524,391.6115933056941,-0.02238824861598124,-0.19290477576912612,-0.03334578301034686,0.00037828420479659505,-0.00039842148926900567,0.0018146662523871905,-0.0015748902528918763,1.2965681676131526,0.9823285658555907,0.000373076239976456,-0.041853671599801724,-0.11862639364895056,-0.0003321637210246128,0.9748416789198073,1.0362820908293524,-1478.738543498814,-283.6593157693115,109.020760859333,170.93200069731867,-206.88554550658725,108.0533292437545,78217449.96039882,6.877934225845205,20.07813345038249,19.24960018023926,-28631.04194720234,-0.23039694741986017,174.90457245440717,Known Attack
64522.55193568582,25.8700300516939,65.14933071944576,14086.642833261061,14086.642833261061,0.0,0.005733794073595666,0.16435158662708046,0.047171300484813425,0.029497343223199312,0.12212657062535656,9.780354582041581e-06,4.124245891694491e-06,0.035973636657467535,0.9109127857235413,-0.625496440324852,91.74677483480669,0.0003828478508569556,-0.0107533446872474,0.006851451002047986,2.0739064963821034e-05,2.7337858399311656e-05,2.1446078522678683e-05,2.604166683084212e-05,0.0940424172886768,0.31173451599781743,3.8885745517684775e-06,0.0010038638386450818,0.2591885843749778,-0.0002617038531928094,0.998996138549164,0.998996138549164,-1088.6230221480648,-99.84397404302214,92.38879784190996,72.72103412487569,11.404076137914277,72.8160024197213,84688125.29368462,9.499370192263282,10.918338162383433,16.10634919099575,-45981.93360127829,0.11628909709665038,141.4893493868894,Normal
209228.90345949706,3.4061997056944984,187.6415607115677,-855691.002278307,-41744.2487135676,1.954135151707066,0.01981572575822576,0.03479464869688878,0.010587653615753326,0.010935378547130326,3.167658345995937,0.000447195248691432,0.00029515777872704427,0.2516385338223042,10.14124965508915,2.926993697292903,14152.981228656095,0.003228195386646104,-0.9157114305335554,0.024290312550328538,-0.007566620325283527,0.0031166886242235694,0.0005960615459243782,-0.007046026936905266,0.543999570663948,-0.623608087576675,0.00019326917812920568,0.03526908050589359,-1.5066531454569514,-0.00010018678560701174,0.9818962799590184,1.0177609187867285,-5036.050750046978,226.07627429945202,112.83314445081112,-196.67707164141308,32.292147093864685,-114.20430748185647,110162324.22924994,9.470035556461697,13.326143602001993,-259.47737601535687,-39173.70800137405,-0.06514907195445606,-475.8868965468483,Zero-Day
472707.1245132836,3.0526107121749675,21.160458336402293,883864.2879448291,5989.234486285731,0.37184153540934695,0.05269867422798081,0.06669863825581179,0.31406943671990084,0.6257887792231593,6.580887580037015,0.0007737798234694646,0.00021264524628676534,-0.03595487228380639,-2.720040667929567,1.3680036206150263,-240.98382004365504,0.01864007925853017,1.456544151954121,-0.011341093895442658,0.02835320733671298,-0.0017804922540220268,-0.00785791293673066,-0.001034698519464872,-7.367142168878028,1.3274362204690295,-0.0006250474551197015,-0.0681047223994692,0.13716784939297894,-0.00013694541420557042,1.0141436325368436,0.9861602154847626,-447.3122645118726,-181.04085087628624,112.14950247001539,425.02515690124727,12.967132706853883,-330.5014127208163,80574615.38445626,3.3088942939754755,9.763225495567301,83.20852245492122,66105.51948443957,5.252147724104516,53.24889941945416,Zero-Day
83999.08841789902,-1.0972986857605411,48.71899691416405,47423.49420206538,253008.94838328654,3.0788848262881183,0.10546165850798686,-0.5175679600344716,0.042309102010560824,0.08271943718752582,0.10423348777178063,-0.021875725799851482,0.0007439366851123934,0.03608278158568314,-1.2015524852230302,2.084451438531449,5114.349191062556,-0.006882223631509354,0.1462045742247324,-0.08352047771576197,-0.0002684133621223608,0.0017017761917353825,-0.0006014320134366606,-0.011497516878018144,3.8441995553988253,0.9818671525495346,-0.006736425163468025,-0.38079482161547623,3.760537592011439,0.0005594090152206071,0.9199147920373447,0.810139724484673,4414.246349303217,-74.75591084108154,-252.45275621394725,72.00368334369224,-66.82846680304812,204.48826575300154,68458722.59878229,9.467735061740415,3.6630051874855827,149.16841515955596,47613.53163579173,-1.0242928485534624,153.38703300751746,Zero-Day
-284395.175613141,-15.769923170489946,61.28187947738706,-138356.59944208615,-8398.22723981473,-0.1523120212125924,-0.021203077552314906,0.5603174847891279,-0.07244884823146458,0.2909183731591078,0.6447659074768257,0.001071542637388744,0.001396364245267755,0.6260319833048258,1.0412396021522152,1.4924635236735648,173.37743382602383,0.034797398519165704,-0.018235714457556687,0.0006934530454314079,-0.003630629417048488,-0.002428410204229287,-0.0020157128817814085,0.0021504084639184197,0.2444176672421985,1.3445653356132259,-0.0014782375969703567,-0.02015193662483584,0.2090438921229686,-0.00018343544981461917,1.0196788452800702,1.0431520460151935,-5121.43034663836,430.68172426810776,-558.44433195259,-146.6481960232252,25.84252409160991,169.45132755720232,67275561.15899311,7.940328299186517,22.31707066214682,-56.68315424355366,80563.59636255357,0.15615402529057842,152.62111678664033,Zero-Day
-2267110.168039879,41.65736280106395,47.384834434053076,6804.074667111856,164764.23944791828,-2.5170263639508246,-0.030588425558225656,0.5521655492999459,0.5669967777133326,0.5007184318421314,-0.711156826892929,-0.0016745410670475176,0.002039901451576681,-0.35491772497042356,-1.4265110764597484,0.7403791052877812,2408.1419091311454,-0.031457112595799856,0.059229640509257726,0.002551216473573403,-0.0008382037242983325,0.004325244287014174,-7.858449354412663e-06,-0.003107069317737376,-0.5035796505895328,-1.3303285296680614,0.0013593564779393068,-0.011052767895648196,-1.8298781781123914,0.00011539955443602996,0.9366751057279243,0.9691155640749342,-7544.352935633012,-40.41930577367123,245.99090153194498,238.91997585726398,21.578842907812778,-126.89700232135336,45121396.70404007,15.49809608227607,10.001674848443272,-25.97070518724393,235981.58991897188,-0.16364280358175454,173.09875081544325,Zero-Day
524196.6922744595,-23.86855601547009,44.76569594651063,80550.98815074739,-205584.79651397007,8.922794925715545,-0.13583794382565392,-0.032779410228545136,-0.009659204083998313,0.07764287469257246,-2.8515789178822577,-0.0032354459366211157,-0.0005328684518477304,0.3574235451992124,-0.9135160435726756,-23.252511714584145,2013.1826953044551,-0.019374168068130856,-0.06461755220773277,0.0123892989978245,0.02835320733671298,0.0021556707159098554,0.0009458825725599102,0.0005647949589892155,1.2931292930379055,0.6486482901609232,0.003065624925887,-0.002740280749176393,-0.050533796642915185,0.00017743726538107282,0.9648309565411459,0.9104625931685365,8000.672621011278,-2290.4161790818484,112.31452417613819,25.594195678421585,1327.650193679306,-514.2826596980786,96790084.36680579,7.809963609196088,-62.41807338657881,526.2402049946974,-723767.2967496101,-0.6473947263988159,144.73357688943673,Zero-Day
719033.0631388067,8.854822380485349,118.09787624611992,15083.095258559657,19349.60850222886,1.2186321374934963,0.042787754792466416,-0.3482863699560399,-0.31587429284268215,0.003175780542603465,0.07850502978929041,-0.0004928686387495352,-0.0005380915424788452,0.23336182177585396,1.9961116735633446,4.218762818769893,-3233.3060803772414,0.03604487366453236,-0.05253501390371034,-0.02049954445669338,-0.004291215559615423,-0.008308977796751934,0.0010881623335029346,0.001380506168011252,1.594112620588319,-1.156123111718011,0.000559192689257219,0.05141219309619395,0.8517539953591045,1.060372438429481e-05,0.9583962175886085,0.947365791403172,2974.1329889461485,178.3583453522625,-476.8803615009499,232.3706993669287,146.5354140521111,-95.74428029567329,100502377.61377226,10.630880312399498,28.783081979320755,61.643855553905254,121538.98832403174,-0.7342425821030123,155.86431521484602,Known Attack
320681.0716510064,28.951500307933006,60.903469243019785,59466.77649104576,-42330.12469684676,-2.1595097410495065,-0.03508911864513036,-0.6938310631858566,-0.37102975309694836,0.11168673464861614,-0.012050034288175249,0.0010029786130134506,-0.0003272181317751487,-0.005857621859438902,1.0099364741543722,0.12794429901656862,24.132350505753408,0.007583964016075021,-0.20181581747118607,0.0016293441846514487,-0.00048460630898108784,0.0025466199601106984,0.003080871562394176,-0.003500149952222585,0.12577327368100397,0.8266304841356078,0.0022030064358620665,-0.037662841472520615,-0.4202603520283349,0.00024901589206404226,1.026028013515193,0.976930294517803,8579.86360099995,319.9668780101658,184.85445788066508,-31.245055039643276,51.83348626912482,-116.47308876863353,102259910.21547543,10.28157535829514,13.973384134517124,18.56510096405747,-21323.529475371568,0.33236142187182016,70.32511338467496,Zero-Day
-677178.2036985984,16.066488785713652,56.64700996687462,-5659.234955470305,25426.293488675692,1.1446719035038844,-0.041309504455191104,0.08583337818659464,-0.08073800481094433,0.18750109868181666,0.15040898999953584,-1.3109181070907696e-05,-0.000353134714616105,0.1852158860112406,0.19458675797473765,-0.8213238916438017,-147.00046151307572,0.008169043676570379,0.108278229824155,0.008115257350681875,9.27520939621977e-05,0.000270610232194847,-0.0004818282915813029,-0.0019153116726040008,0.10910538942934234,0.8667188614212173,0.001441137363141733,-0.010095958763169044,-0.20838858077136674,0.0002566388700125057,1.0234498750302394,1.0076216855498312,2606.2333757805086,19.01482770212842,68.52937230590594,-48.50806699261169,74.80880501916539,-125.21367743761557,68518968.4434448,9.04724652639816,15.510497669895253,15.566767145272351,49219.43679900156,-0.07029594194518606,122.63196019999292,Normal
26001.62255219659,11.963052247002395,61.23432617144023,-24275.54594200442,159424.71119816526,3.0133542084736735,0.04235233093192736,-0.9851531195829227,0.4877995846659152,-0.09629019232418189,0.32316275645242176,-0.006753725879997752,-0.0009925529098211829,-0.5648122926679581,4.115847434629482,-0.0714526275417944,1393.9053154761914,0.10955881095258771,0.22275732223540784,0.004275304729306545,0.002759119656313377,-0.005627277842522011,0.0036940203024215463,0.005891206860697453,1.529337985104175,-1.7077631484658329,-0.0002658190852939955,0.02449792125456998,-0.6135530800854014,-0.00039314729405061886,1.0686864595047805,1.197362530015203,2850.931625067001,-52.997309217106924,609.4238355836271,5.8807742600529025,146.97884529553608,544.6505287987503,32859804.551000625,11.311123830487908,30.441456938941613,231.93791921294226,-40936.02424893925,0.8403558114921602,99.4145276759066,Zero-Day
908306.5242539636,14.059539484750129,63.257210397468356,-71036.33048721819,43377.685178590604,1.4292710067143908,0.027415994265928993,-0.8910848116899613,-0.014002232115352155,-0.25649291743831576,0.7810586977624305,-0.0011957394734689172,-0.0008075395357535174,-0.599047576150878,-0.6122399948564194,-1.668172238964693,777.3150888253397,0.00012255120313123258,-0.12001923601206232,-0.008950980760980328,-7.195703545889587e-05,-0.0005882306507050132,0.006337340032835913,-0.0011362583013102092,1.6370063349692259,0.6907617823468433,0.0012214842721954453,0.1054512353501293,2.48093289647753,0.0005912219451558544,0.9745965926420865,0.9217079822261103,-8080.538817554767,93.8593836191354,238.15015978153747,128.22634575620305,-100.22954980437505,170.24298074902043,25203708.760665916,8.045305378704072,12.726256772574448,273.0166131446006,-31328.282197901404,-0.589389836525135,-26.83579521923548,Known Attack
-809132.6611232494,38.425154636070744,69.27710978578496,26489.204914631053,94196.69517789544,-2.811474416845883,-0.11438126081732888,0.09279992087612998,0.31053005177214504,0.08114182195548224,-0.8867043719901119,-0.003340568375649209,-0.00146392678123106,0.054433407724753385,-0.0538935015475247,-2.128444597834679,2914.2934369840023,-0.08569141685653403,0.11391321086703765,0.03515638052204883,0.001482402255131106,-0.004222335247032424,-0.005194608199571023,-0.00809558907165442,-1.891439384740639,0.3642350212953246,0.0005812043154779689,-0.09824369198297321,0.508558318405721,0.0006488563451824429,0.9075701517220245,1.0910860856219107,11609.90142918112,-291.3660912873012,568.7235852914565,122.04426629287272,50.881616688007966,120.00457021811297,63505692.63606353,10.681671566930886,10.190861206589759,99.08564284008,39673.379223152435,0.5276926745369871,-5.6195189959921095,Zero-Day
-477192.9749690066,29.052000247608298,19.345475694316868,78611.87428700882,62574.23053553504,3.151467562861604,0.06150897109324197,-0.8370017998429297,-1.1215213181597894,-0.0686741916813569,-0.388975573118585,0.0027592004393779987,0.0025234995959347276,-1.186901102408634,-0.5475993881710501,3.3725887756885733,825.3431645691408,-0.10224315769260327,0.08323338403526823,0.009977814095563801,0.0009151024961540667,0.0053053639353642735,0.0019814704669051182,-0.000533644772540259,-0.221507436388942,-1.2352561020635153,0.002297404595127178,0.04293257183575711,0.2757617611824013,-0.0005934218662672397,0.9347567109747993,0.9329693058920203,-5118.477406117723,212.21470294891037,364.9088121783536,64.98253846676552,295.05707360276625,-124.29777496110445,112304394.80016106,9.522588412481298,7.231182402351733,48.7449703946481,44655.87619977718,0.8629665887926922,143.00790408281102,Zero-Day
1232704.8534456245,-4.622801840434529,111.73632219516826,18081.200372007777,-141194.90695250867,-0.04896004810934775,-0.07891173819664064,-0.20475099709157704,0.2439922073011142,-0.08396159467337518,0.33379851511181724,0.0009019366006456311,0.0013756401619607675,0.4379717069587462,0.8452209475474378,6.250500071382389,306.9715680559475,-0.017699629761449995,0.16370814978276071,-0.003259048140186299,0.00039446261778821473,0.004401900935086022,-0.001973630729491448,0.0011215407867314385,1.1527554503012114,-0.3802163001789913,-0.0018353343774829786,-0.06338428825668548,1.1314555970094213,-0.00016159097534630012,0.9577832966792503,1.0216924844525002,1972.4991270806968,111.48820156313153,225.58052370540864,475.2826567214385,-31.495602702878042,-94.4448055364437,73954164.52401417,7.933870114070565,6.789513289718181,-234.93454490046332,-40362.4324432542,0.31983981083803015,112.1134011958803,Known Attack
-610978.6560903357,-12.559752596544019,52.60062957655875,47362.251768159746,-778414.4504957462,0.5428136365195927,0.003005467473504236,7.857393675835723,0.34236300962832494,0.15608091376001992,-0.5591967446983565,0.0016825218187358436,0.00250976592171411,-2.2595638724971066,-0.15811093947331345,0.5931217411523307,379.12935653966355,-0.04331513903565943,0.16122240147919611,-0.00398579599410686,-0.002879879138976605,0.0332601344225893,-0.0003558785259808173,-0.03228808806218076,0.9632270698667519,-2.3636360782028047,0.003241614300090719,0.04411274722049707,-0.679731012790658,0.00021724617491964568,1.081061472902911,0.935469187216335,1389.3124118036517,301.24281572415197,2431.2683368477115,-170.04266917302914,-61.79379098561074,-154.47010445817398,97596835.14009066,9.02642010781294,4.3040735081177015,-211.4294123129136,17651.468660678736,-1.2834027954738743,172.71669432574686,Zero-Day
614458.9459784449,12.529814189640327,65.14933071944576,14086.642833261061,53573.70344643712,0.0,0.005733794073595666,-0.06138043003598673,0.047171300484813425,0.029497343223199312,0.12212657062535656,9.780354582041581e-06,4.124245891694491e-06,0.035973636657467535,0.3310703006137342,0.15525319943623125,91.74677483480669,0.0003828478508569556,0.07531106302710744,0.00021717100586639618,0.0006301098724516017,2.7337858399311656e-05,-0.001526712453175996,2.604166683084212e-05,0.45600970513466976,1.7032430079147867,-0.0006920212452803915,0.0010038638386450818,0.2591885843749778,5.891779876632973e-07,0.998996138549164,0.998996138549164,768.2834393722799,61.38892227366319,92.38879784190996,72.72103412487569,11.404076137914277,72.8160024197213,86728175.00174613,9.499370192263282,10.918338162383433,16.10634919099575,5069.151431679801,-0.3514459939759273,141.4893493868894,Normal
-938193.6391277327,10.797507465324585,80.01407814919324,49725.02748296147,-103281.06293984807,-10.170363594262282,0.0048830694726104875,-0.26153494938068544,1.0128483854240902,0.14219076477777157,0.7743696216687108,-0.003911635808716065,0.000159226357466193,1.3842217472000198,1.48650756237505,1.4808417639918972,-13969.487678986483,0.007718982308166575,0.05008259705086658,0.02079122876185153,-0.0004717728844606932,-0.033205458705790676,-0.01828700481553013,0.002032601243889949,0.7204910409583809,-9.76895242600477,0.0008849761446780811,0.037262908248436886,-0.3429277789891758,-6.761180288192658e-05,0.8868348877715432,0.9407465628111455,7198.614545609673,2413.1940236291753,368.91063961493876,173.33498404334384,478.5089314030575,45.27690611398751,43800570.376772225,8.47170953077534,5.225984074130266,182.64308725721193,42319.82094832302,-2.002434190407619,163.97283483037987,Zero-Day
-755718.861651795,12.546662634398666,95.17328145728668,1792.463147141665,-6396.458589449181,2.0730894002800637,0.005657932066014537,0.07431388178986259,0.04068314714801056,-0.28546783681380644,-0.7766571055069552,-0.0016321498434620817,7.76841812821912e-05,0.0363723611332851,0.1179778339815002,3.031396543167941,827.2498193385251,0.014513566087671894,-0.04029875773731621,0.01014671324476431,-0.0017721877126727435,0.002479728798660709,-0.0013341434377668645,0.0010188065335796617,1.853702230402263,-0.24067626744113496,-0.00010964290794440728,-0.02657549620641568,0.3184533861203923,0.0005452936358106911,1.0117351378291946,1.0177920458855818,3657.620071442244,104.74434985071147,338.15582414633195,110.33359568962953,10.484503046029541,17.54500037009864,47834468.67966285,8.173455488556044,2.779280497189109,-179.07093843279935,26381.941818277468,0.292831967344181,108.06485738192144,Zero-Day
-1287091.6665217662,7.076699871280832,42.27858687800189,-13572.89720063691,139146.67630907102,-0.058270843017580724,-0.05540549023627843,0.4188381298614753,-0.023796744757255836,0.6771722506908306,0.5120314822294536,-0.0011883828736397243,-0.0012204883320942014,0.03129965877206364,2.2496592451382407,-1.609943173071399,443.9600215408835,0.031023927237160857,0.02155531483406454,0.0031519961237512,0.0019949979480235786,-0.0015773880760030854,-0.001963581497414037,0.0035458845786034724,0.26648125629145325,-0.4794423804164503,-0.0007831712308830558,0.019810516020263347,-0.7127921187803221,-0.00034831642094935224,1.0411387730197383,1.0062248734254895,-1566.5113929911383,-171.6095585005776,158.084600367936,-28.782884139925855,133.03707825309266,-193.444571425057,251473134.87310308,9.505106227962973,5.185618744675526,-83.5118876247708,42063.62636715086,0.00997580774085638,209.64121870623194,Known Attack
-128403.8569272001,18.608955272918738,63.84362652603553,77654.29115387824,75156.98788293921,1.2475021424665762,0.07502169697832163,0.13006767336176212,-0.03952231016173066,-0.05084862818384109,-0.29450447169859784,0.0018796666074567402,0.00267110532812115,0.7124003601423639,1.8372860506515027,4.861448460819473,-751.9448873462673,0.03184521421968519,-0.17100235290244822,-0.020288993632385944,0.0034741098492156695,-9.326370802144372e-05,-0.006288747399566472,0.0009081749854895603,-1.662268592577643,0.2652900608267909,0.0005814112174365938,0.055722431911396066,1.1800034555061572,-0.0002454322490236133,1.137251106321948,1.0716172479091348,4220.344584955685,-102.68395883286817,182.38808652603075,-107.55199586607966,188.2428669521555,165.91412313588478,79799134.63949373,10.468511034709994,19.55935576251229,98.50560457901526,126285.94256096102,0.19638479576751908,43.8523396388824,Known Attack
2019597.5475611174,2.4431599643812243,65.5668030752144,-278767.71361345204,-261344.02423948544,1.888443174617755,-0.0996975645273312,1.7204453757687925,-1.1788910311279033,-0.1088427904097602,-0.4608061531363159,-0.0034540621521791234,-0.002126102254797624,-0.12622846325862372,-0.8494374565005886,5.230403272638599,-1181.49962969614,0.05501252218481348,0.12289755034393504,-0.016599574657923773,-0.005450347865527953,-0.0024674958222725353,-0.0020011107676467742,0.005939086964762752,1.4967853677476053,2.327219983955899,-0.0007047896450898682,-0.06602689637293235,-0.2666874286131079,-0.0007411162741487874,1.0616102066509843,0.9951418506353059,-2026.9544304818762,-219.27605651279083,1238.6347597145375,72.70937942866631,101.22604223309878,211.42145953037118,111458366.93859848,10.99538473631314,31.698583485191357,441.28868039975316,-135328.78939991808,0.12461479450002934,187.34574935728875,Zero-Day
643566.2304374991,23.435492200940605,52.956505241188914,28084.822005028764,20636.052361001042,0.20848152681105314,-0.14291962652116721,-0.6560803615250158,-0.3572112508450724,0.023126340637592734,-0.4740456264175368,0.0014532890386094387,0.0003444054694114086,0.4938396668547683,-0.13764409447080406,-7.241606290587072,948.4876988471516,0.042189793893970845,0.07959343540269309,0.0061616435633905856,0.002453919048851533,0.00047503851599104633,3.0144845100321897e-05,0.004507301802714113,-0.7128405878386835,0.051520494825023355,-0.00047778935962845744,0.050555063415308105,0.4774027827493119,0.0005449635684581576,1.0127047290019007,1.0497657769197808,5332.941208125093,-37.19411446855424,201.7747839218567,-91.5899848351312,47.8447352733631,399.87856878570705,57910561.85870064,12.169369748678909,10.208779579877902,24.404977764777204,-70252.49772731728,0.4940129551277064,36.326783857663855,Zero-Day
-1202282.1234829738,10.334635470705248,52.18984560583891,-8407.790101806842,32660.829528616523,-2.5622446359535087,0.09515759415747307,5.320109854729124,1.509916460589736,-0.19895502006187576,0.9073106562306562,-0.006002048518066527,0.013492523661440544,0.21005861905275466,3.451474676452646,1.3102729139775606,-2322.592904734062,-0.02341681908501817,0.19049978221138297,-0.022003592203784582,0.00013191794441539133,0.0035635698143321854,0.0001312209352342467,0.0022604189730532948,0.47260998668890414,-1.2402470452366083,-0.0032076865007846173,-0.5152460081412694,0.2680622516812338,-0.0038611969761176155,0.9762709465535888,1.2054599336049643,-6718.405613235455,2413.1940236291753,34.153664176559005,-451.6749634130075,5.41301042692504,192.73757569757902,142244557.09780467,11.742710721779941,16.26139510159099,-60.30626145314907,110302.86152382685,0.5047786106017684,121.78224295889416,Zero-Day
